team_id,Team_Weighted_JEI
PAN,1117.558341
OLY,1053.373487
MCO,982.0638344
BAR,972.1429494
MIL,955.3203727
RED,869.0600245
MAD,858.1329584
IST,839.6091295
PAR,794.7989514
DUB,786.9956942
ULK,765.5670132
ZAL,759.0674876
HTA,723.239628
MUN,708.1252059
BAS,646.2947801
TEL,634.5931153
PAM,632.760659
VIR,622.5929246
PRS,568.5454678
ASV,521.4688954
